UID,Start Time,Start Lat,Start Long,Stop Time,Stop Lat,Stop Long
9806a6b1,24/04/2019 11:16:30,14.0366,-101.6985,24/04/2019 11:18:39,20.3463,-96.5828
6697bfb6,24/04/2019 11:20:40,26.1124,-91.3309,24/04/2019 11:22:47,31.9379,-85.1314
0260782d,24/04/2019 11:24:48,37.0783,-78.4643,24/04/2019 11:26:57,41.9921,-70.2983
ad7462dc,24/04/2019 11:28:57,45.9284,-61.3897,24/04/2019 11:31:05,49.1281,-50.5899
9aa7fb8b,24/04/2019 11:33:06,51.0138,-39.2371,24/04/2019 11:35:14,51.6131,-26.4963
52fef272,24/04/2019 11:37:15,50.7979,-14.5585,24/04/2019 11:39:23,48.5666,-2.7356
c9756b46,24/04/2019 11:41:24,45.3607,7.232,24/04/2019 11:43:32,41.0342,16.4381
aeb1714d,24/04/2019 11:45:33,36.3005,23.9247,24/04/2019 11:47:41,30.7629,30.8307
4b1f7bdb,24/04/2019 11:49:42,25.201,36.5637,24/04/2019 11:51:50,19.0374,42.0429
e72bc14d,24/04/2019 11:53:51,13.0637,46.8011,24/04/2019 11:55:59,6.6197,51.5742
51706397,24/04/2019 11:58:00,0.4948,55.9442,24/04/2019 12:00:08,-5.9878,60.5597
3da32322,24/04/2019 12:02:09,-12.0683,65.0316,24/04/2019 12:04:17,-18.4165,70.0302
c4442ae3,24/04/2019 12:06:18,-24.2408,75.1202,24/04/2019 12:08:26,-30.158,81.0845
f6903845,24/04/2019 12:10:27,-35.4185,87.4534,24/04/2019 12:12:35,-40.5022,95.2012
cf8f1869,24/04/2019 12:14:35,-44.6784,103.67,24/04/2019 12:16:44,-48.2242,114.0191
5659c58a,24/04/2019 12:18:45,-50.5052,124.9972,24/04/2019 12:20:53,-51.5831,137.528
2e7a4fdc,24/04/2019 12:22:53,-51.2335,149.5353,24/04/2019 12:25:01,-49.4585,161.6587
c5466ccd,24/04/2019 12:27:02,-46.6131,172.0396,24/04/2019 12:29:10,-42.6005,-178.3276
f0a23304,24/04/2019 12:31:11,-38.085,-170.4615,24/04/2019 12:33:19,-32.7309,-163.2403
6682b550,24/04/2019 12:35:20,-27.2911,-157.2698,24/04/2019 12:37:28,-21.2364,-151.6185
646eba8e,24/04/2019 12:39:29,-15.3258,-146.741,24/04/2019 12:41:37,-8.9169,-141.8869
c048f145,24/04/2019 12:43:38,-2.8073,-137.4864,24/04/2019 12:45:46,3.6782,-132.8839
44e47f2d,24/04/2019 12:47:47,9.7794,-128.468,24/04/2019 12:49:55,16.1736,-123.5774
437607c0,24/04/2019 12:51:56,22.0707,-118.6378,24/04/2019 12:54:04,28.1098,-112.8837
315f4a23,24/04/2019 12:56:05,33.5099,-106.795,24/04/2019 12:58:13,38.809,-99.3992
f2a76af5,24/04/2019 13:00:14,43.2393,-91.3405,24/04/2019 13:02:22,47.1356,-81.4442
9bb231c8,24/04/2019 13:04:23,49.8194,-70.8422,24/04/2019 13:06:31,51.3863,-58.4995
69431554,24/04/2019 13:08:32,51.5079,-46.4288,24/04/2019 13:10:40,50.1849,-33.9486
482d9f9e,24/04/2019 13:12:41,47.6973,-23.1372,24/04/2019 13:14:49,43.9712,-13.0083
491c0763,24/04/2019 13:16:50,39.6578,-4.7344,24/04/2019 13:18:58,34.4603,2.8368
7c90da26,24/04/2019 13:20:59,29.1178,9.0714,24/04/2019 13:23:07,23.1189,14.9422
ef249895,24/04/2019 13:25:08,17.2457,19.9601,24/04/2019 13:27:16,10.8659,24.905
b4d31b69,24/04/2019 13:29:17,4.7688,29.3491,24/04/2019 13:31:25,-1.7335,33.9681
bd948895,24/04/2019 13:33:26,-7.8527,38.3537,24/04/2019 13:35:34,-14.2799,43.1687
5d7938c2,24/04/2019 13:37:35,-20.2223,47.9897,24/04/2019 13:39:44,-26.3318,53.5614
2b5dfa90,24/04/2019 13:41:44,-31.8275,59.4167,24/04/2019 13:43:53,-37.2661,66.4848
089eb659,24/04/2019 13:45:54,-41.8823,74.1655,24/04/2019 13:48:01,-46.0341,83.5706
748667f0,24/04/2019 13:50:02,-49.0506,93.7452,24/04/2019 13:52:10,-51.0436,105.7129
db7a1ef2,24/04/2019 13:54:11,-51.6181,117.6717,24/04/2019 13:56:19,-50.7764,130.2769
2e95bd7e,24/04/2019 13:58:20,-48.694,141.4254,24/04/2019 14:00:28,-45.3256,151.9842
90eff751,24/04/2019 14:02:29,-41.2769,160.6579,24/04/2019 14:04:37,-36.2802,168.613
d247c1d2,24/04/2019 14:06:38,-31.0869,175.1239,24/04/2019 14:08:46,-25.2183,-178.7954
17c1b45b,24/04/2019 14:10:47,-19.429,-173.6287,24/04/2019 14:12:55,-13.1009,-168.5718
f2c08aad,24/04/2019 14:14:56,-7.0337,-164.0702,24/04/2019 14:17:04,-0.5443,-159.4363
993f448e,24/04/2019 14:19:06,5.6653,-155.0178,24/04/2019 14:21:14,12.1091,-150.2829
c19b4e2b,24/04/2019 14:23:15,18.0997,-145.5756,24/04/2019 14:25:23,24.2958,-140.173
909a35c8,24/04/2019 14:27:24,29.9026,-134.5387,24/04/2019 14:29:32,35.4869,-127.7973
3c6fbb3c,24/04/2019 14:31:33,40.3131,-120.4686,24/04/2019 14:33:42,44.7672,-111.4572
e022ef86,24/04/2019 14:35:42,48.1242,-101.6838,24/04/2019 14:37:51,50.5527,-90.0143
14de0254,24/04/2019 14:39:52,51.5735,-78.1476,24/04/2019 14:41:59,51.1982,-65.3935
23d6753c,24/04/2019 14:44:00,49.5052,-53.896,24/04/2019 14:46:08,46.4736,-42.8863
84411090,24/04/2019 14:48:09,42.66,-33.776,24/04/2019 14:50:17,37.8448,-25.4247
d42aeda0,24/04/2019 14:52:18,32.769,-18.6117,24/04/2019 14:54:26,26.9859,-12.2879
ba0cbd34,24/04/2019 14:56:27,21.2471,-6.951,24/04/2019 14:58:36,14.9524,-1.7703
c1e349e1,24/04/2019 15:00:36,8.9057,2.7998,24/04/2019 15:02:45,2.418,7.4691
c6a6b15b,24/04/2019 15:04:46,-3.7155,11.8217,24/04/2019 15:06:54,-10.1952,16.5187
5636e1f6,24/04/2019 15:08:55,-16.2184,21.137,24/04/2019 15:11:03,-22.464,26.3901
6c53d2e6,24/04/2019 15:13:04,-28.1415,31.8264,24/04/2019 15:15:12,-33.8492,38.3051
2a2084af,24/04/2019 15:17:13,-38.8166,45.2881,24/04/2019 15:19:21,-43.4848,53.8569
8b11fd6c,24/04/2019 15:21:22,-47.1223,63.1868,24/04/2019 15:23:30,-49.9332,74.4357
096c10b6,24/04/2019 15:25:31,-51.378,86.0462,24/04/2019 15:27:39,-51.4818,98.7787
ece49b81,24/04/2019 15:29:40,-50.2231,110.4894,24/04/2019 15:31:48,-47.5875,121.8954
8a031018,24/04/2019 15:33:49,-44.0792,131.4112,24/04/2019 15:35:57,-39.5166,140.1602
de17650d,24/04/2019 15:37:58,-34.6197,147.2903,24/04/2019 15:40:06,-28.9806,153.8752
a6ca20c2,24/04/2019 15:42:07,-23.3437,159.395,24/04/2019 15:44:15,-17.1258,164.7132
dbfdd47a,24/04/2019 15:46:16,-11.1213,169.3695,24/04/2019 15:48:24,-4.6757,174.0706
fe0b7ddc,24/04/2019 15:50:24,1.4543,178.4246,24/04/2019 15:52:33,7.9503,-176.9207
ec52120d,24/04/2019 15:54:34,14.0093,-172.3861,24/04/2019 15:56:42,20.3197,-167.2719
c197be98,24/04/2019 15:58:43,26.0883,-162.0208,24/04/2019 16:00:51,31.9341,-155.8023
f36d7415,24/04/2019 16:02:52,37.0741,-149.1368,24/04/2019 16:05:00,41.973,-141.0016
982f67f3,24/04/2019 16:07:01,45.9105,-132.1043,24/04/2019 16:09:09,49.1244,-121.2723
72a448ab,24/04/2019 16:11:10,51.0116,-109.9245,24/04/2019 16:13:18,51.6136,-97.2016
6d2744f1,24/04/2019 16:15:19,50.8029,-85.2652,24/04/2019 16:17:27,48.5681,-73.4081
7c78c2a6,24/04/2019 16:19:28,45.3609,-63.4352,24/04/2019 16:21:36,41.0346,-54.2289
030428b7,24/04/2019 16:23:37,36.3018,-46.7435,24/04/2019 16:25:45,30.7629,-39.8358
6e622330,24/04/2019 16:27:46,25.199,-34.1009,24/04/2019 16:29:54,19.0374,-28.6236
271cfc1b,24/04/2019 16:31:55,13.0657,-23.8669,24/04/2019 16:34:03,6.6172,-19.0904
dc45a071,24/04/2019 16:36:04,0.4922,-14.7204,24/04/2019 16:38:12,-5.9918,-10.1039
8469fdae,24/04/2019 16:40:13,-12.0743,-5.6303,24/04/2019 16:42:21,-18.4233,-0.6306
802a61b1,24/04/2019 16:44:22,-24.2505,4.4628,24/04/2019 16:46:30,-30.1665,10.4273
aca81472,24/04/2019 16:48:30,-35.4253,16.7961,24/04/2019 16:50:39,-40.5227,24.5706
8a0bc987,24/04/2019 16:52:40,-44.6949,33.0431,24/04/2019 16:54:48,-48.2291,43.3708
f70736ed,24/04/2019 16:56:48,-50.5077,54.3481,24/04/2019 16:58:57,-51.5841,66.8985
161412dc,24/04/2019 17:00:58,-51.2304,78.9057,24/04/2019 17:03:05,-49.45,91.0323
0c449965,24/04/2019 17:05:06,-46.6018,101.4061,24/04/2019 17:07:14,-42.5904,111.0263
e5c9714b,24/04/2019 17:09:15,-38.0771,118.884,24/04/2019 17:11:23,-32.7142,126.1133
4cab12d8,24/04/2019 17:13:24,-27.2748,132.0802,24/04/2019 17:15:32,-21.201,137.7458
9f32fab0,24/04/2019 17:17:33,-15.2888,142.6216,24/04/2019 17:19:41,-8.8956,147.4623
9b72191d,24/04/2019 17:21:42,-2.7898,151.8596,24/04/2019 17:23:50,3.7124,156.474
9ce3a03c,24/04/2019 17:25:51,9.8166,160.893,24/04/2019 17:27:59,16.209,165.7843
adffbbd2,24/04/2019 17:30:00,22.1028,170.7242,24/04/2019 17:32:08,28.1298,176.4705
be9e4720,24/04/2019 17:34:09,33.5306,-177.4357,24/04/2019 17:36:17,38.817,-170.053
26e08eb5,24/04/2019 17:38:18,43.2449,-161.9951,24/04/2019 17:40:25,47.131,-152.1251
23e1ceae,24/04/2019 17:42:26,49.8159,-141.5269,24/04/2019 17:44:35,51.3849,-129.1873
e4096100,24/04/2019 17:46:35,51.5088,-117.1144,24/04/2019 17:48:43,50.1926,-104.6608
31ae0a75,24/04/2019 17:50:44,47.7078,-93.8389,24/04/2019 17:52:52,43.9829,-83.701
e5585ca0,24/04/2019 17:54:53,39.6744,-75.4283,24/04/2019 17:57:02,34.4645,-67.835
1d653e91,24/04/2019 17:59:02,29.122,-61.5995,24/04/2019 18:01:11,23.1203,-55.7255
bbec521d,24/04/2019 18:03:12,17.251,-50.7107,24/04/2019 18:05:20,10.8718,-45.7658
5d7ed52c,24/04/2019 18:07:21,4.7752,-41.3219,24/04/2019 18:09:29,-1.7147,-36.7117
a4fb1d86,24/04/2019 18:11:29,-7.833,-32.3271,24/04/2019 18:13:38,-14.2605,-27.5127
41b83e09,24/04/2019 18:15:38,-20.1991,-22.6965,24/04/2019 18:17:46,-26.2918,-17.1443
aed24357,24/04/2019 18:19:47,-31.7852,-11.2989,24/04/2019 18:21:55,-37.2294,-4.2353
4f3692dc,24/04/2019 18:23:56,-41.8483,3.4341,24/04/2019 18:26:05,-46.0171,12.8577
6b884a39,24/04/2019 18:28:05,-49.0372,23.0208,24/04/2019 18:30:13,-51.0367,34.9815
326397c1,24/04/2019 18:32:14,-51.6185,46.943,24/04/2019 18:34:22,-50.7842,59.5493
04645906,24/04/2019 18:36:23,-48.7092,70.6978,24/04/2019 18:38:31,-45.3409,81.2789
cfc10aef,24/04/2019 18:40:32,-41.2942,89.9597,24/04/2019 18:42:40,-36.3159,97.8968
8ce967e4,24/04/2019 18:44:40,-31.129,104.4096,24/04/2019 18:46:49,-25.2509,110.5071
7450e68a,24/04/2019 18:48:50,-19.4625,115.6767,24/04/2019 18:50:57,-13.157,120.719
0bf3421f,24/04/2019 18:52:58,-7.0896,125.2229,24/04/2019 18:55:07,-0.5947,129.8616
d377175a,24/04/2019 18:57:07,5.5348,134.2221,24/04/2019 18:59:16,11.9954,138.9647
def4113a,24/04/2019 19:01:17,17.9881,143.6664,24/04/2019 19:03:25,24.1861,149.0585
60c60396,24/04/2019 19:05:26,29.797,154.6799,24/04/2019 19:07:34,35.4083,161.4307
1d5c311e,24/04/2019 19:09:35,40.2381,168.7358,24/04/2019 19:11:43,44.6898,177.6908
243ce34f,24/04/2019 19:13:44,48.0653,-172.5621,24/04/2019 19:15:52,50.5151,-160.9386
2d552e8e,24/04/2019 19:17:52,51.565,-149.0896,24/04/2019 19:20:01,51.2193,-136.2992
eb93ea15,24/04/2019 19:22:02,49.553,-124.7931,24/04/2019 19:24:10,46.5358,-113.7323
cd3b82b0,24/04/2019 19:26:11,42.7398,-104.6041,24/04/2019 19:28:19,37.9394,-96.2339
63871d6d,24/04/2019 19:30:20,32.8775,-89.4093,24/04/2019 19:32:28,27.0959,-83.0643
eecceb23,24/04/2019 19:34:28,21.3663,-77.7214,24/04/2019 19:36:37,15.0828,-72.5389
143ef146,24/04/2019 19:38:38,9.0384,-67.9641,24/04/2019 19:40:46,2.5457,-63.2881
af1223fe,24/04/2019 19:42:47,-3.5841,-58.9384,24/04/2019 19:44:55,-10.0642,-54.2448
ffe2ef51,24/04/2019 19:46:56,-16.0872,-49.6339,24/04/2019 19:49:04,-22.3361,-44.3904
04eadca3,24/04/2019 19:51:05,-28.0183,-38.9669,24/04/2019 19:53:13,-33.7247,-32.5174
ceee600d,24/04/2019 19:55:14,-38.7022,-25.559,24/04/2019 19:57:22,-43.3884,-17.0164
2c3f696f,24/04/2019 19:59:23,-47.0459,-7.7167,24/04/2019 20:01:31,-49.8836,3.5024
534dc8d4,24/04/2019 20:03:32,-51.3585,15.0956,24/04/2019 20:05:40,-51.4942,27.8626
6c452844,24/04/2019 20:07:41,-50.2622,39.5861,24/04/2019 20:09:49,-47.6464,51.0319
206c011c,24/04/2019 20:11:50,-44.1563,60.5697,24/04/2019 20:13:58,-39.611,69.3378
e24e5eec,24/04/2019 20:15:59,-34.7251,76.4868,24/04/2019 20:18:07,-29.0817,83.1015
e7be2959,24/04/2019 20:20:08,-23.4491,88.6324,24/04/2019 20:22:16,-17.2424,93.9524
c6ec7509,24/04/2019 20:24:17,-11.2393,98.6147,24/04/2019 20:26:25,-4.7947,103.319
de9a2da4,24/04/2019 20:28:26,1.3339,107.6729,24/04/2019 20:30:34,7.8297,112.3251
952b5b65,24/04/2019 20:32:35,13.8882,116.854,24/04/2019 20:34:43,20.2022,121.9613
021c5608,24/04/2019 20:36:44,25.9742,127.2017,24/04/2019 20:38:52,31.8279,133.4075
31eba148,24/04/2019 20:40:53,36.972,140.0491,24/04/2019 20:43:01,41.9012,148.1943
94593c81,24/04/2019 20:45:02,45.853,157.0746,24/04/2019 20:47:11,49.0833,167.8819
b231f6a4,24/04/2019 20:49:11,50.9902,179.2122,24/04/2019 20:51:20,51.6155,-168.0475
3c27cf1d,24/04/2019 20:53:20,50.8243,-156.1031,24/04/2019 20:55:29,48.6076,-144.2292
b134df59,24/04/2019 20:57:29,45.4158,-134.2417,24/04/2019 20:59:38,41.0972,-125.0087
8f61f5f5,24/04/2019 21:01:39,36.371,-117.5068,24/04/2019 21:03:47,30.8428,-110.592
838c40e1,24/04/2019 21:05:48,25.2821,-104.8465,24/04/2019 21:07:56,19.1216,-99.3603
d45ec9f9,24/04/2019 21:09:57,13.1481,-94.5963,24/04/2019 21:12:05,6.72,-89.8312
b5b2f534,24/04/2019 21:14:05,0.5958,-85.4603,24/04/2019 21:16:14,-5.9036,-80.8338
30ef6430,24/04/2019 21:18:14,-11.9845,-76.3645,24/04/2019 21:20:22,-18.3213,-71.3812
cf906f19,24/04/2019 21:22:23,-24.15,-66.297,24/04/2019 21:24:32,-30.0875,-60.3258
d94daaf8,24/04/2019 21:26:32,-35.3529,-53.9675,24/04/2019 21:28:41,-40.455,-46.214
e3e31287,24/04/2019 21:30:41,-44.6383,-37.7583,24/04/2019 21:32:50,-48.1954,-27.4192
65cc0bb3,24/04/2019 21:34:51,-50.487,-16.4584,24/04/2019 21:36:59,-51.58,-3.9207
4254e15a,24/04/2019 21:39:00,-51.2438,8.0816,24/04/2019 21:41:08,-49.4812,20.2177
b75d9c4f,24/04/2019 21:43:08,-46.6467,30.6082,24/04/2019 21:45:16,-42.6383,40.2634
5d6da38a,24/04/2019 21:47:17,-38.1319,48.134,24/04/2019 21:49:26,-32.7757,55.3728
c03385e7,24/04/2019 21:51:26,-27.3398,61.3483,24/04/2019 21:53:35,-21.2714,67.0181
080e32ac,24/04/2019 21:55:35,-15.3621,71.8976,24/04/2019 21:57:44,-8.9539,76.7531
499ff653,24/04/2019 21:59:45,-2.8469,81.1526,24/04/2019 22:01:53,3.6592,85.7697
ba18e5d2,24/04/2019 22:03:54,9.7621,90.1863,24/04/2019 22:06:02,16.1636,95.0818
0e50cae7,24/04/2019 22:08:03,22.0607,100.0205,24/04/2019 22:08:10,22.3839,100.3077
56bd0870,24/04/2019 22:17:17,45.0457,131.4439,24/04/2019 22:19:25,48.5034,141.9553
f585cf89,24/04/2019 22:21:26,50.6733,153.0706,24/04/2019 22:23:34,51.6098,165.717
d1698f15,24/04/2019 22:25:35,51.1128,177.7396,24/04/2019 22:27:43,49.1784,-170.1668
9a5af440,24/04/2019 22:29:44,46.2021,-159.8957,24/04/2019 22:31:52,42.0637,-150.3744
895cf056,24/04/2019 22:33:53,37.4611,-142.63,24/04/2019 22:36:01,32.0256,-135.5055
029d5a32,24/04/2019 22:38:02,26.53,-129.6128,24/04/2019 22:40:11,20.4138,-124.0089
1bccb969,24/04/2019 22:42:11,14.471,-119.1721,24/04/2019 22:44:19,8.0543,-114.355
40c43381,24/04/2019 22:46:20,1.938,-109.9675,24/04/2019 22:48:29,-4.5704,-105.3454
3cb3bcae,24/04/2019 22:50:29,-10.6668,-100.9081,24/04/2019 22:52:38,-17.0403,-95.9813
f0caeb3a,24/04/2019 22:54:38,-22.9043,-90.9921,24/04/2019 22:56:46,-28.8859,-85.174
fe6e7132,24/04/2019 22:58:47,-34.2312,-78.9886,24/04/2019 23:00:55,-39.4534,-71.4624
dc22a941,24/04/2019 23:02:56,-43.7828,-63.2712,24/04/2019 23:05:04,-47.5392,-53.2535
2f0c8883,24/04/2019 23:07:05,-50.0782,-42.5351,24/04/2019 23:09:13,-51.4737,-30.1349
8f2b434b,24/04/2019 23:11:14,-51.4325,-18.1044,24/04/2019 23:13:22,-49.9573,-5.7655
089c83f6,24/04/2019 23:15:23,-47.3539,4.8817,24/04/2019 23:17:31,-43.5378,14.8306
500f23fe,24/04/2019 23:19:32,-39.1658,22.955,24/04/2019 23:21:40,-33.9182,30.4097
31d7be70,24/04/2019 23:23:41,-28.5518,36.5488,24/04/2019 23:25:50,-22.5366,42.346
9ad14936,24/04/2019 23:27:50,-16.665,47.3069,24/04/2019 23:29:58,-10.3003,52.204
2aad1a4b,24/04/2019 23:31:59,-4.2025,56.6314,24/04/2019 23:34:07,2.3006,61.2478
3a6acde8,24/04/2019 23:36:08,8.4167,65.6423,24/04/2019 23:38:16,14.82,70.4667
6d4d6692,24/04/2019 23:40:17,20.7488,75.319,24/04/2019 23:42:25,26.8479,80.9498
c2b15850,24/04/2019 23:48:32,42.1767,101.6157,24/04/2019 23:50:39,46.2806,111.1368
83b0ebc3,24/04/2019 23:53:46,50.3882,127.5562,24/04/2019 23:55:55,51.5604,140.1054
56fc18d9,24/04/2019 23:57:56,51.2915,152.1619,25/04/2019 00:00:04,49.5805,164.4062
7d02cd55,25/04/2019 00:02:05,46.7805,174.8825,25/04/2019 00:04:13,42.8003,-175.3937
a4466506,25/04/2019 00:06:13,38.3037,-167.4567,25/04/2019 00:08:22,32.9477,-160.1607
e51c68eb,25/04/2019 00:10:22,27.5092,-154.1473,25/04/2019 00:12:31,21.4385,-148.4508
e8592d46,25/04/2019 00:14:31,15.5239,-143.5523,25/04/2019 00:16:39,9.1259,-138.6948
85278554,25/04/2019 00:18:40,3.013,-134.2867,25/04/2019 00:20:49,-3.4983,-129.6659
4b745490,25/04/2019 00:22:49,-9.6051,-125.2506,25/04/2019 00:24:58,-16.0045,-120.3661
3f554831,25/04/2019 00:26:59,-21.9019,-115.4417,25/04/2019 00:29:07,-27.9275,-109.7266
f5a95597,25/04/2019 00:31:07,-33.3285,-103.6754,25/04/2019 00:33:16,-38.6372,-96.3276
cec4045f,25/04/2019 00:35:16,-43.0792,-88.3351,25/04/2019 00:37:25,-47.0018,-78.5186
640d81b2,25/04/2019 00:39:26,-49.7242,-67.9959,25/04/2019 00:41:34,-51.3473,-55.7293
1e38f472,25/04/2019 00:43:35,-51.5343,-43.7062,25/04/2019 00:45:43,-50.2938,-31.2742
873317af,25/04/2019 00:47:43,-47.8789,-20.4279,25/04/2019 00:49:52,-44.2188,-10.2392
a4f655b5,25/04/2019 00:51:53,-39.9621,-1.916,25/04/2019 00:54:01,-34.7999,5.7229
d0ca03e5,25/04/2019 00:56:02,-29.5012,11.9867,25/04/2019 00:58:10,-23.5446,17.8788
cdaf1085,25/04/2019 01:00:11,-17.6998,22.9144,25/04/2019 01:02:19,-11.3349,27.8767
75f227fd,25/04/2019 01:04:20,-5.25,32.3264,25/04/2019 01:06:27,1.2335,36.9352
a97b48fa,25/04/2019 01:08:28,7.3523,41.3117,25/04/2019 01:10:37,13.7871,46.1096
2621762f,25/04/2019 01:12:37,19.7385,50.9013,25/04/2019 01:14:45,25.8564,56.421
d7d7890f,25/04/2019 01:16:46,31.3839,62.2283,25/04/2019 01:18:54,36.8705,69.2368
36ca7281,25/04/2019 01:20:55,41.5384,76.8422,25/04/2019 01:21:22,42.5038,78.7058
5f6761db,25/04/2019 01:23:42,46.878,89.3208,25/04/2019 01:25:50,49.7789,100.5031
8f10e4c8,25/04/2019 01:27:51,51.3185,112.0983,25/04/2019 01:29:23,51.6154,121.3016
8cadd76b,25/04/2019 01:30:04,51.4959,125.3834,25/04/2019 01:32:13,50.1446,137.8445
d60a98bc,25/04/2019 01:34:13,47.6331,148.6352,25/04/2019 01:36:22,43.8873,158.7352
8e550321,25/04/2019 01:38:22,39.5614,166.9815,25/04/2019 01:40:30,34.351,174.5336
97878d3e,25/04/2019 01:42:31,29.0016,-179.249,25/04/2019 01:44:39,23.0171,-173.4095
a3d0f0fe,25/04/2019 01:46:40,17.1469,-168.4038,25/04/2019 01:48:48,10.7806,-163.4752
42885e27,25/04/2019 01:50:49,4.6856,-159.0352,25/04/2019 01:52:57,-1.8226,-154.4125
94420546,25/04/2019 01:54:58,-7.9397,-150.0268,25/04/2019 01:57:06,-14.3642,-145.2096
edf231e1,25/04/2019 01:59:07,-20.3009,-140.387,25/04/2019 02:01:15,-26.4068,-134.8088
20a028f1,25/04/2019 02:03:16,-31.8972,-128.9459,25/04/2019 02:05:24,-37.3319,-121.8626
82b7e8ca,25/04/2019 02:07:25,-41.936,-114.1755,25/04/2019 02:09:33,-46.0877,-104.7261
d37cfe6a,25/04/2019 02:11:34,-49.0882,-94.5363,25/04/2019 02:13:42,-51.0621,-82.5528
70868f45,25/04/2019 02:15:43,-51.6165,-70.5845,25/04/2019 02:17:51,-50.7495,-57.9572
1eccf3ea,25/04/2019 02:19:52,-48.6456,-46.8256,25/04/2019 02:22:00,-45.25,-36.2686
84828e8a,25/04/2019 02:24:01,-41.1846,-27.6172,25/04/2019 02:26:09,-36.1722,-19.6804
c3d28a26,25/04/2019 02:28:10,-30.9712,-13.189,25/04/2019 02:30:18,-25.0823,-7.1098
1679154a,25/04/2019 02:32:19,-19.2897,-1.9555,25/04/2019 02:34:27,-12.9618,3.0908
35375e8f,25/04/2019 02:36:28,-6.8937,7.5874,25/04/2019 02:38:36,-0.4163,12.2107
4496397b,25/04/2019 02:40:37,5.7126,16.5725,25/04/2019 02:42:45,12.1708,21.32
88f290db,25/04/2019 02:44:46,18.1574,26.028,25/04/2019 02:46:54,24.3306,31.4157
4b2efa86,25/04/2019 02:48:55,29.935,37.0528,25/04/2019 02:51:03,35.521,43.8049
c915405e,25/04/2019 02:53:04,40.3357,51.1268,25/04/2019 02:55:12,44.7834,60.1379
46fa05ea,25/04/2019 02:57:13,48.1334,69.9059,25/04/2019 02:59:21,50.559,81.586
eb617884,25/04/2019 03:01:22,51.5748,93.45,25/04/2019 03:03:30,51.1936,106.2139
7d704a12,25/04/2019 03:05:31,49.4971,117.699,25/04/2019 03:06:00,48.8976,120.3738
7216dd6e,25/04/2019 03:08:19,45.2652,131.9191,25/04/2019 03:10:27,40.9222,141.085
712adb59,25/04/2019 03:12:28,36.1736,148.5467,25/04/2019 03:14:37,30.6232,155.4322
f478cd87,25/04/2019 03:16:37,25.0559,161.1469,25/04/2019 03:18:46,18.8867,166.6138
3b1df71a,25/04/2019 03:20:46,12.9114,171.3626,25/04/2019 03:22:55,6.4557,176.1378
61455d8e,25/04/2019 03:24:56,0.3275,-179.492,25/04/2019 03:27:04,-6.1588,-174.872
d5e517de,25/04/2019 03:29:04,-12.2397,-170.3935,25/04/2019 03:31:13,-18.576,-165.3927
09b68211,25/04/2019 03:33:13,-24.3956,-160.2902,25/04/2019 03:35:22,-30.3231,-154.2883
7c45bf4b,25/04/2019 03:37:22,-35.5721,-147.8946,25/04/2019 03:39:30,-40.6342,-140.1221
93e4ae70,25/04/2019 03:41:31,-44.7897,-131.6179,25/04/2019 03:43:39,-48.3075,-121.2271
e58868b8,25/04/2019 03:45:40,-50.5539,-110.2239,25/04/2019 03:47:49,-51.5923,-97.6562
910e83b7,25/04/2019 03:49:49,-51.2012,-85.6494,25/04/2019 03:51:58,-49.3783,-73.5193
fbc7abb8,25/04/2019 03:53:59,-46.4989,-63.1837,25/04/2019 03:56:07,-42.4469,-53.5751
cd719cfe,25/04/2019 03:58:08,-37.916,-45.7599,25/04/2019 04:00:16,-32.556,-38.5853
0cb7e8d4,25/04/2019 04:02:16,-27.1044,-32.6369,25/04/2019 04:04:24,-21.0478,-27.0094
29c79f97,25/04/2019 04:06:25,-15.1356,-22.1463,25/04/2019 04:08:33,-8.7317,-17.3058
00a4bfe3,25/04/2019 04:10:34,-2.6239,-12.9107,25/04/2019 04:12:42,3.884,-8.2919
7d14f9b4,25/04/2019 04:14:43,9.9845,-3.871,25/04/2019 04:16:51,16.3802,1.0327
ab1b5fb0,25/04/2019 04:18:52,22.2694,5.9839,25/04/2019 04:21:00,28.2883,11.7462
23a46d88,25/04/2019 04:23:01,33.6776,17.859,25/04/2019 04:25:09,38.9471,25.2656
03e82024,25/04/2019 04:27:09,43.3564,33.3533,25/04/2019 04:29:17,47.2154,43.2514
14ddd4bd,25/04/2019 04:31:18,49.8723,53.8826,25/04/2019 04:33:26,51.4061,66.2511
4db5f29e,25/04/2019 04:35:27,51.4932,78.3283,25/04/2019 04:37:35,50.1407,90.7563
19e78350,25/04/2019 04:39:36,47.628,101.5413,25/04/2019 04:41:44,43.877,111.6471
34163f33,25/04/2019 04:44:46,37.1262,123.6386,25/04/2019 04:46:54,31.6748,130.6814
f3eb4691,25/04/2019 04:48:55,26.1613,136.5273,25/04/2019 04:51:03,20.0367,142.0909
50c9e01e,25/04/2019 04:53:04,14.0872,146.9038,25/04/2019 04:55:12,7.648,151.7189
e2296340,25/04/2019 04:57:13,1.5263,156.1027,25/04/2019 04:59:21,-4.9654,160.7155
7cd809bf,25/04/2019 05:01:22,-11.0539,165.1589,25/04/2019 05:03:30,-17.4219,170.1058
d4745605,25/04/2019 05:05:31,-23.2768,175.1234,25/04/2019 05:07:39,-29.2596,-178.999
ba28f56c,25/04/2019 05:09:40,-34.5772,-172.7657,25/04/2019 05:11:48,-39.7616,-165.174
1be297dc,25/04/2019 05:13:49,-44.0479,-156.902,25/04/2019 05:15:57,-47.7498,-146.769
b5b157b3,25/04/2019 05:17:58,-50.2116,-135.9784,25/04/2019 05:20:07,-51.5136,-123.5345
8a1e785e,25/04/2019 05:22:07,-51.381,-111.5104,25/04/2019 05:24:16,-49.813,-99.2155
31b2e9e7,25/04/2019 05:26:16,-47.1361,-88.6499,25/04/2019 05:28:25,-43.2552,-78.7874
28859363,25/04/2019 05:30:25,-38.8423,-70.7492,25/04/2019 05:32:34,-33.5592,-63.3631
28228cc3,25/04/2019 05:34:34,-28.1702,-57.2766,25/04/2019 05:36:42,-22.1562,-51.5369
a90d484c,25/04/2019 05:38:43,-16.2671,-46.5967,25/04/2019 05:40:51,-9.8917,-41.715
2d223e6e,25/04/2019 05:42:52,-3.7927,-37.2981,25/04/2019 05:45:00,2.7138,-32.6804
afe2e516,25/04/2019 05:47:01,8.8259,-28.28,25/04/2019 05:49:09,15.2277,-23.4357
7f41d5e4,25/04/2019 05:51:10,21.151,-18.5547,25/04/2019 05:53:18,27.2343,-12.8855
187e4d5d,25/04/2019 05:55:19,32.6875,-6.9088,25/04/2019 05:57:27,38.065,0.3354
c9639c96,25/04/2019 05:59:28,42.5929,8.2178,25/04/2019 06:01:37,46.6266,17.9072
00d528fa,25/04/2019 06:03:38,49.4742,28.3248,25/04/2019 06:05:46,51.247,40.5345
801d266b,25/04/2019 06:07:47,51.5777,52.5807,25/04/2019 06:09:54,50.4738,65.1273
ba8ee483,25/04/2019 06:11:55,48.1642,76.1158,25/04/2019 06:13:22,45.8457,83.3001
0cb4897b,25/04/2019 06:22:46,22.8816,116.0465,25/04/2019 06:24:54,16.6547,121.3262
ba0beb8d,25/04/2019 06:26:54,10.6378,125.9649,25/04/2019 06:29:02,4.1832,130.6575
44af43cd,25/04/2019 06:31:03,-1.9485,135.0105,25/04/2019 06:33:11,-8.44,139.6719
c3480b78,25/04/2019 06:35:12,-14.4872,144.2196,25/04/2019 06:37:20,-20.7827,149.3602
209dd78c,25/04/2019 06:39:21,-26.525,154.6412,25/04/2019 06:41:29,-32.3351,160.9028
4fe8f5c5,25/04/2019 06:43:30,-37.4336,167.6205,25/04/2019 06:45:38,-42.2886,175.8427
9b89863e,25/04/2019 06:47:39,-46.1628,-175.1854,25/04/2019 06:49:48,-49.2923,-164.2951
e7e4bf04,25/04/2019 06:51:49,-51.0922,-152.923,25/04/2019 06:53:57,-51.6021,-140.2324
cddeb19d,25/04/2019 06:55:57,-50.7145,-128.357,25/04/2019 06:58:05,-48.4205,-116.6179
